file,input_bytes,old_bytes,new_bytes,tiny_bytes,ssimulacra2_old,ssimulacra2_new,ssimulacra2_tiny,butteraugli_p3_old,butteraugli_p3_new,butteraugli_p3_tiny,new_quality,new_chroma,new_encoder,old_worker_ms,new_worker_ms
alpha-product-cutout.png,1498713,1498713,409260,435116,100.0,83.0,81.88,0.0,1.28,1.337,72,,pngquant palette + OxiPNG,191,1580
architecture.jpg,1998232,628348,727937,632467,68.5,71.12,63.64,1.317,1.186,1.358,74,4:2:0,jpegli-wasm,357,767
cam-architecture-17.jpg,5160453,677908,668950,,74.78,74.78,,1.162,1.162,,68,4:2:0,jpegli-wasm,480,1032
cam-architecture-18.jpg,8880782,1175993,1167339,,72.21,72.21,,1.204,1.204,,68,4:2:0,jpegli-wasm,531,1320
cam-landscapes-25.jpg,7703420,1202172,1397355,,67.87,70.7,,1.445,1.311,,74,4:2:0,jpegli-wasm,602,1563
cam-landscapes-26.jpg,7564447,1225359,1225359,,69.56,69.56,,1.372,1.372,,68,4:2:0,jpegli-wasm,615,1411
cam-people-08.jpg,773777,673114,646227,641223,85.84,100.0,75.18,0.482,0.0,0.885,,,jpegli lossless,468,700
cam-people-09.jpg,6545069,801013,797851,,72.49,72.49,,1.292,1.292,,68,4:2:0,jpegli-wasm,389,903
cam-people-10.jpg,1194180,188949,258820,300325,67.1,72.62,71.34,1.593,1.388,1.505,68,gray,jpegli-wasm,116,403
cmyk-icc.jpg,568831,134200,65982,,1.43,53.06,,15.655,5.886,,71,4:2:0,jpegli-wasm,56,250
cmyk-people.jpg,1392003,243974,217210,243853,77.24,74.76,19.45,1.048,1.159,16.204,68,4:2:0,jpegli-wasm,112,377
emoji-camera.png,16714,7075,6396,6669,95.29,94.46,93.78,0.287,0.333,0.451,98,,pngquant palette + OxiPNG,241,941
emoji-chart.png,3158,1906,1479,1730,100.0,95.39,95.43,0.0,0.352,0.351,99,,pngquant palette + OxiPNG,159,930
emoji-globe.png,51812,19063,18871,19397,93.59,91.91,91.79,0.369,0.465,0.447,98,,pngquant palette + OxiPNG,239,1127
emoji-grin.png,35506,17815,13458,13628,94.52,92.36,92.38,0.104,0.44,0.416,98,,pngquant palette + OxiPNG,214,989
emoji-laptop.png,19840,7221,5585,6499,93.23,90.61,91.48,0.488,0.647,0.578,97,,pngquant palette + OxiPNG,201,878
emoji-package.png,10907,6006,4058,4871,100.0,93.49,93.36,0.0,0.487,0.476,98,,pngquant palette + OxiPNG,192,1356
emoji-palette.png,23408,10540,8974,9602,95.39,94.21,94.43,0.174,0.308,0.225,97,,pngquant palette + OxiPNG,196,1254
emoji-puzzle.png,33797,13893,11598,12276,94.42,93.34,93.49,0.221,0.379,0.365,97,,pngquant palette + OxiPNG,224,967
emoji-rocket.png,26729,11615,10379,10551,94.43,93.6,93.45,0.249,0.305,0.396,98,,pngquant palette + OxiPNG,211,890
emoji-target.png,21789,9079,8749,9326,93.65,93.7,91.47,0.344,0.413,0.501,97,,pngquant palette + OxiPNG,207,857
forest.jpg,1510271,602793,611736,621871,70.63,71.04,70.67,1.264,1.241,1.209,75,4:2:0,jpegli-wasm,201,480
gradient-large.png,2860599,297620,488899,484157,77.41,81.77,82.44,1.585,1.495,1.441,93,,pngquant palette + OxiPNG,3687,1937
gray-icc.jpg,148049,66527,70823,,80.31,81.95,,1.114,1.041,,68,gray,jpegli-wasm,51,156
gray-noicc.jpg,143523,62001,66297,,80.31,81.95,,1.114,1.041,,68,gray,jpegli-wasm,51,153
hills.jpg,1796053,603366,878290,628088,62.49,71.82,62.09,1.638,1.193,1.614,81,4:2:0,jpegli-wasm,207,582
house.jpg,940702,307862,349158,333943,68.17,71.61,67.75,1.306,1.19,1.278,78,4:2:0,jpegli-wasm,158,441
lake.jpg,1025509,340311,443260,362897,68.11,73.72,66.38,1.381,1.121,1.376,79,4:2:0,jpegli-wasm,166,423
logo-bdl.png,141119,34272,32786,35375,91.45,91.43,91.47,0.317,0.441,0.447,97,,pngquant palette + OxiPNG,1466,1633
logo-commons.png,81527,28612,29750,29580,92.87,92.91,92.63,0.306,0.356,0.322,97,,pngquant palette + OxiPNG,575,585
mountain.jpg,1334399,457978,531748,469963,66.91,70.37,63.52,1.478,1.323,1.496,74,4:2:0,jpegli-wasm,180,455
p3.jpg,164750,71041,66937,,75.71,74.37,,1.14,1.204,,71,4:2:0,jpegli-wasm,51,191
photo-kodim03.png,502888,502888,143830,146403,100.0,77.87,77.72,0.0,1.45,1.517,78,,pngquant palette + OxiPNG,111,813
photo-kodim05.png,785610,785610,247967,251429,100.0,74.98,74.48,0.0,1.499,1.522,65,,pngquant palette + OxiPNG,84,840
photo-kodim15.png,612582,612582,172066,189119,100.0,76.15,75.5,0.0,1.272,1.297,76,,pngquant palette + OxiPNG,110,791
photo-kodim23.png,557596,557596,147498,149712,100.0,66.64,67.88,0.0,2.22,2.101,57,,pngquant palette + OxiPNG,121,1170
photo-large-24mp.png,31822438,31822438,12021520,,,,,,,,65,,pngquant palette + OxiPNG,7660,15395
q75-architecture-17.jpg,268185,216577,199621,210869,80.76,80.67,74.43,0.976,1.037,1.439,68,4:2:0,jpegli-wasm,108,283
q75-landscapes-25.jpg,465784,321973,321973,384717,75.25,75.25,75.2,1.157,1.157,1.026,68,4:2:0,jpegli-wasm,115,252
q75-people-08.jpg,219715,136103,148153,170907,78.94,79.38,77.18,1.08,1.036,0.869,72,4:2:0,jpegli-wasm,96,265
q75-people-09.jpg,493061,399835,357467,395732,80.12,77.65,76.47,0.976,1.097,1.198,68,4:2:0,jpegli-wasm,116,307
road.jpg,357239,77189,65215,77952,78.01,77.52,78.76,0.891,0.919,0.899,80,4:2:0,jpegli-wasm,131,355
screenshot.png,152339,43048,48740,49575,80.37,89.08,89.43,1.272,0.607,0.58,95,,pngquant palette + OxiPNG,394,448
srgb-444.jpg,204848,72686,69408,,75.82,74.75,,1.151,1.199,,72,4:2:0,jpegli-wasm,51,194
text-screenshot444.jpg,132237,60313,62099,59390,71.96,74.51,67.95,2.443,1.454,1.905,68,4:4:4,jpegli-wasm,42,131
text.png,6310,4081,4177,4270,96.07,96.38,94.58,0.159,0.125,2.039,97,,pngquant palette + OxiPNG,127,419
transparency.png,224566,38791,47875,48295,65.38,67.51,68.71,2.915,2.682,2.731,49,,pngquant palette + OxiPNG,958,1042
ui-code-2x.png,148964,41320,47334,47393,95.36,95.42,95.3,0.189,0.199,0.317,98,,pngquant palette + OxiPNG,566,500
ui-dashboard-1x.png,60259,18280,19144,20325,91.17,90.55,91.15,0.229,0.262,0.247,98,,pngquant palette + OxiPNG,380,421
ui-dashboard-2x-macos-p3.png,142851,138183,46332,48604,100.0,87.13,85.84,0.0,0.679,5.068,98,,pngquant palette + OxiPNG,116,1209
ui-dashboard-2x.png,138426,43560,45972,48782,87.5,86.94,87.2,0.46,0.697,0.491,98,,pngquant palette + OxiPNG,1136,1211
ui-squeeze-app-2x.png,132016,38481,41735,40830,73.5,86.84,86.98,1.63,0.72,0.707,97,,pngquant palette + OxiPNG,1300,1397
valley.jpg,649468,161216,247047,326219,65.38,75.65,74.88,1.36,1.067,1.289,78,4:2:0,jpegli-wasm,140,433
web-animals-27.jpg,146007,79998,79998,87703,82.47,82.47,79.44,0.687,0.687,0.716,68,4:2:0,jpegli-wasm,68,184
web-animals-28.jpg,1189839,615546,799588,621241,62.64,73.31,62.69,1.64,1.157,1.655,78,4:2:0,jpegli-wasm,135,444
web-animals-29.jpg,634221,364956,372763,341816,76.29,76.92,73.8,1.131,1.098,1.226,75,4:2:0,jpegli-wasm,124,315
web-architecture-11.jpg,1089550,357202,570534,393160,63.64,73.37,61.43,1.504,1.094,1.461,78,4:2:0,jpegli-wasm,208,473
web-architecture-12.jpg,921564,451820,639580,716949,59.02,73.23,76.38,1.657,1.056,0.994,80,4:2:0,jpegli-wasm,123,396
web-architecture-13.jpg,663340,279561,354605,309906,67.39,73.57,66.61,1.561,1.281,1.473,75,4:2:0,jpegli-wasm,104,307
web-architecture-14.jpg,338857,167113,180343,201835,71.06,73.12,72.64,1.166,1.064,1.259,76,4:2:0,jpegli-wasm,109,294
web-architecture-15.jpg,729287,420792,476726,678398,64.86,67.49,71.06,1.816,1.677,1.487,68,gray,jpegli-wasm,119,289
web-architecture-16.jpg,907474,393225,652816,529743,58.86,75.77,64.41,1.714,0.935,1.48,82,4:2:0,jpegli-wasm,115,435
web-landscapes-19.jpg,1059436,498027,744759,766203,57.37,72.44,71.32,1.7,1.034,1.145,81,4:2:0,jpegli-wasm,124,421
web-landscapes-20.jpg,446728,192425,293181,378629,57.94,72.05,78.87,1.763,1.468,1.305,78,4:2:0,jpegli-wasm,78,307
web-landscapes-21.jpg,174309,109770,106602,154883,72.18,71.33,85.26,1.305,1.353,0.599,73,4:2:0,jpegli-wasm,54,165
web-landscapes-22.jpg,808235,488839,584764,681775,68.09,74.78,79.15,1.356,1.075,0.911,81,4:2:0,jpegli-wasm,124,1099
web-landscapes-23.jpg,358311,183371,194191,264436,68.07,69.68,77.28,1.299,1.222,0.884,76,4:2:0,jpegli-wasm,84,367
web-landscapes-24.jpg,956607,584221,611642,497224,69.46,70.95,61.72,1.29,1.212,2.032,76,4:2:0,jpegli-wasm,144,474
web-people-00.jpg,1254360,264185,237711,293414,72.89,70.76,72.41,1.253,1.353,1.312,70,4:2:0,jpegli-wasm,124,365
web-people-01.jpg,561428,299926,289972,295359,71.01,69.84,67.14,1.239,1.284,1.358,73,4:2:0,jpegli-wasm,106,326
web-people-02.jpg,678176,379050,410946,349769,71.42,74.02,65.87,1.256,1.122,1.466,77,4:2:0,jpegli-wasm,113,398
web-people-03.jpg,461791,255353,221585,227638,77.24,73.49,70.06,1.05,1.224,1.354,68,4:2:0,jpegli-wasm,104,277
web-people-04.jpg,504810,262327,255242,273246,74.52,73.75,71.72,1.134,1.163,1.187,73,4:2:0,jpegli-wasm,103,291
web-people-05.jpg,729033,243101,242559,245951,71.94,71.96,67.12,1.281,1.281,1.333,68,4:2:0,jpegli-wasm,180,380
web-people-06.jpg,1011124,382985,382985,365404,71.29,71.29,66.66,1.324,1.324,1.375,68,4:2:0,jpegli-wasm,182,453
web-people-07.jpg,572923,226167,302946,251875,67.12,74.72,66.38,1.438,1.118,1.362,77,4:2:0,jpegli-wasm,124,365
