file,input_sha256,squeeze_sha256,tiny_sha256,input_bytes,squeeze_bytes,tiny_bytes,ssim_none_squeeze,ssim_none_tiny,transparent_pixels_preserved,ssim_white_squeeze,ssim_white_tiny,ssim_black_squeeze,ssim_black_tiny,worker_wall_ms,worker_reported_ms,decode_ms,analysis_ms,compress_ms,finalize_ms,tiny_service_ms,butteraugli_none_squeeze,butteraugli_none_tiny,butteraugli_white_squeeze,butteraugli_white_tiny,butteraugli_black_squeeze,butteraugli_black_tiny,tiny_batch_size,tiny_ready_ms
jpeg/mountain.jpg,bc75dbba5fa53a23da0823ae9809cc1be7d7ff6b3a4ee92344667c173cd09b1a,889bd9fe360650903bc40605858bf98180532c139da25756f85278d3da019a6f,235e5f84fe1e54e8f75d09267d2b2dc780a3ced577df48d84e22701c1f3ce617,1334405,457894,469963,66.9,63.54,,,,,,203.82,201.35,65.58,21.07,114.6,0.39,,3.3921,4.3683,,,,,20,38008
jpeg/forest.jpg,800da9f5303322d1ca761a54aada5c631cd1257bec624f6a5330cfafd0987f73,30bf22187b036636cdbdcd8faae9ec1c277770240e94a46b5f82929a6bc7c84e,c084d33b828678b1b70c614e9994d82211093079c1a66a58bbcf027edfe87409,1510271,602793,621871,70.63,70.67,,,,,,172.84,172.18,58.74,13.15,100.19,0.61,,3.0825,2.9458,,,,,20,39130
jpeg/lake.jpg,9debd2ed01de57638aa69cee93b6a5ddc4f715000b1ffb9eaacd2af0cc6a784a,ca8e037afe7290f16947d2e545287929831cf24f45ca8ae84c2d9ca6ca3e4e4a,13248f7b4ccaf2126bcf9d4219b21369c276315dc860f873bd7104bc82c7fd83,1025509,340311,362897,68.11,66.38,,,,,,145.82,144.34,46.77,18.99,78.28,1.63,,3.5193,3.8442,,,,,20,56735
jpeg/road.jpg,cb643573a533e979884ec9b31dabb2fcc15379917c78e38b42e01e28f7a9c9ae,0f13b936cef3f079d403a7c5f37dc1e5dd01ef9124ffac320555eda39476d849,852ccfee905b8b78acba9c6e4965a9b7b9b858540cdd14f6e3bc6bd18e5b1fb1,357239,77189,77952,78.01,78.76,,,,,,104.97,100.4,31.3,12.62,56.47,0.31,,2.0713,2.1676,,,,,20,52762
jpeg/hills.jpg,af6267eb6e67c97ef6c964bd6dac35cd5852682919559209288b4d002aafff90,ae41f44b8fa46ec5fd4e3b0bbea3e9b24fc4ec26102178facf1cdb515d779e76,6e86a2cacb051ae153b9e9abc87511408985cd84d2c6a7f5a2403d6b18965f40,1796053,603366,628088,62.49,62.09,,,,,,175.28,174.73,66.1,14.06,94.52,0.45,,3.4161,3.768,,,,,20,92506
jpeg/valley.jpg,3f4c17be2240571d7f5b7cbd34fcbad37bd02806aa6f80319c4ad0e294fe4f8e,4ea6c64d6d440a7aca8ae5b41c9f6dfb0990c45845af29123a9d5d64d400f6fc,7b6b363e13c5097ab311468e7a8f35dd02ee63db54879a1071802857a72c9570,649468,161216,326219,65.38,74.88,,,,,,112.25,111.82,40.82,7.68,63.28,0.33,,3.4287,3.4499,,,,,20,74794
jpeg/house.jpg,1de5a000688dd8aea209d49a2b5a8f0ef8af4d3a0f0a0d14c637756452611202,4bb0429eca133a44d83077eecded6f7768b31f1ad0a44adb81daaeaa60f499de,9a0be9dce7a583b15e9f77568ce03a9159f2382b98ef52f7e50bcc62bd001bb2,940656,307846,333943,68.18,67.76,,,,,,128.53,128.09,45.52,10.44,72.12,0.34,,3.2361,3.4886,,,,,20,92506
jpeg/architecture.jpg,730af65997570c418e4384adc1c446b423b7fe87ea500b03837a9fc1f1ce0cae,5a68e67198a6c28d83adfbff6df159404a1d243b4dede1518f14650dacb737a2,7687ac37cf45d0731a6c07e671f0aad4c5ac200fd7a4c781362572b7917dd993,1998232,628348,632467,68.5,63.64,,,,,,281.77,281.11,101.22,10.63,169.22,0.54,,2.9392,3.1533,,,,,20,130872
png/emoji-camera.png,24e0d488150cab4bc8d8750d878cdd7f3cc4e4be32821d1a33616a1453c2578d,be9336df53efff22095ef41ce3335e2d0883882836500a553e10f155bf5f215d,605c1a03251fa06df65f7b25cc5ac56647f27eb131d9144eee3a496f436cdbf3,16714,7075,6669,,,True,95.29,94.1,95.68,93.78,230.64,228.47,3.47,10.9,66.89,147.81,,,,1.2021,2.0735,1.1776,2.0727,20,94164
png/emoji-chart.png,64a2e5620bc70735264d315678d6874fca8175fc35480c5fdb86927363848e1a,e4264d12ae7c221bf48b8d493d0b7576a1e8d48eaa473188266a9a6dd7b7ed74,2c74e740a6219b2b6d0044bce86a1451241cc70839eb56e961756468604d3399,3158,1906,1730,,,True,100.0,95.43,100.0,95.54,99.94,99.06,0.7,10.2,1.68,87.21,,,,0.0,1.7329,0.0,1.7329,20,102202
png/emoji-globe.png,46aeaf78257837d0a16f97c3cf160f99245e070dc93a66d56ab1fcd3b18daf29,a5f322b96e90a43f14e0e1b5e4f80ec27bb7a39e318fa46214a2a00cba191f1f,3ad9a09d8aa1aed0e6150b3ade3bef5deb2dcabde627bac2a9ea9297d2651483,51812,19063,19397,,,True,93.63,91.79,93.59,92.93,187.47,187.28,1.07,6.27,39.64,140.39,,,,1.09,1.83,1.0989,1.8247,20,102202
png/emoji-grin.png,d6e6be1b18cd8ae3f56556d171cc7d8eecd293bdbbc1aa66ab5493a66ba4dae0,db699849b0a419866d41123bcf97de9ae85e9d7f6a93b0b982587f6c845ed5fc,ab11a2404413e55e0fa3ed4014169fe7baa73257b476c4dfbe0641deacde8398,35506,17815,13628,,,True,94.52,92.41,95.03,92.38,163.28,162.81,0.77,6.79,29.66,125.92,,,,0.3682,1.1168,0.3617,1.3886,20,105564
png/emoji-laptop.png,c43f4c07ca15c83adcba79e4acb73ca41ced7714874c2c6e629a88cbfc92154e,d8f1995a72cd752930bb44c003274e856d6c0cf5b25fef91583b4b6837fa727c,c40cb7de9bf1e13444a8ff44eda4da47c8080aa925329433a44cbebd7738e003,19840,7221,6499,,,True,93.23,91.59,93.6,91.48,154.31,153.7,1.32,8.96,17.12,126.81,,,,1.5268,1.7024,1.1875,1.4647,20,109922
png/emoji-package.png,690068d117910d75a3d765d8eeef08be1ac3b32d4776416b21fc638912cc61d5,50ce6542bfafef73bb1d413bf3a82d10518ba70a669fd98587b7fe2730a9c675,7046d1ccd83d4f5520938a075dc27de9c74e3f61c49fbfeecfa59d6bafbd0029,10907,6006,4871,,,True,100.0,93.36,100.0,93.9,133.11,133.25,0.91,10.61,3.06,118.41,,,,0.0,1.9842,0.0,2.2484,20,111729
png/emoji-palette.png,1611b786a08c0682c7e401fa79ddcaf9a7aaa468ec75c1026684a92c611ce3cc,724155e6a1d71035b07d967cbec05d2600659cc99933d1ef2fa002fb41fe5ec8,2e2b631a44bc3c914c41e5d7ad65224d038e62cba381546027df5cffe05af781,23408,10540,9602,,,True,95.39,94.43,96.06,94.77,141.72,141.32,0.69,7.61,19.82,113.47,,,,0.9482,0.8871,0.6852,0.8871,20,113849
png/emoji-puzzle.png,77f2d20f625ba774cd52fde128d313cd9c1f3731e71cc641b6b8da4b70c87609,5176b07023dfc3b702eb1466127e76f8503a98f76aedb2f6ac0511fa84bab4b6,76c2498d384da2b97fa3895d37633043d72897898d57a6771a7ca975cdb1da1f,33797,13893,12276,,,True,94.42,93.49,95.16,93.58,169.47,169.85,0.75,6.72,28.84,133.0,,,,0.7873,1.7274,0.669,1.4014,20,116855
png/emoji-rocket.png,a477bf2e112db11a99926a6c300618f9274b6df405b8a67d64f87fb54c833b52,523c3e7f9436b4c5d01646f77e23a10e5e68fb882b639467aaa45964190e37f3,92d205d8ed5c981ce7cc89200d71834b1f5b89d038937b71d23b50212eb02bf2,26729,11615,10551,,,True,94.43,93.45,95.18,94.14,151.34,150.88,1.17,7.21,19.84,122.99,,,,0.9706,1.3867,1.0999,1.7975,20,119421
png/emoji-target.png,18897a776f75e83f9481d0b64272b44c3365cfb267964c30fc2a5136e1a988f2,f259f568a485d73dc76351e3e1954c87c78c778dd7ad6243ef645cb233749d08,bc261d247c439fb1a0965972e90c5310db891055a26ff48347f0f84b1e41993d,21789,9079,9326,,,True,93.65,91.47,94.0,92.45,152.19,151.85,1.03,7.56,17.47,126.02,,,,1.4952,1.8678,1.395,2.5182,20,120986
png/transparency.png,c4e870d358d64ce677e958c156d0e3fba466993d8e915fc81c5dc64937a9b696,f4903cac68dae3ae6fa489f513e8ff52a7b4aa7863203a3342430d1a19c845e7,35c76ca969fdbd4b82e453cf4d1884596ed8f0d066619a96480b558a8be56123,224566,38791,48295,,,True,65.38,68.71,73.21,74.05,894.44,894.38,3.66,12.7,713.38,164.54,,,,9.3371,9.3316,7.5832,7.7649,20,123380
png/text.png,c943c61f30c5f066bd7731fd1facf33c0d4080240db220f75412ab2f12ce2032,dd9829684979b7d7d47a13e394f2b9d69c69ab48aaf70d8b8ef55648e67e9c74,86f916882ecabb87896eee605dc097bab906242360bb1d062dc2a1026e354650,6310,4081,4270,96.07,94.58,,,,,,94.19,94.52,4.49,5.15,24.77,59.64,,0.6754,2.1478,,,,,20,123802
png/screenshot.png,ebe7729921c6b092d3412119df8997bd874667443f512d9714a117f0c74f9083,7164632f38dabda97251012d8ede486953152ca37e847951af9bfa9ac71ca59d,e27fd95aaccacd6904e7d6fc0af40f32251c0ae43e1d8f077a1950661eef85dd,152339,43048,49575,80.37,89.43,,,,,,303.19,303.59,2.46,5.91,125.0,169.72,,3.2454,2.6277,,,,,4,4414
png/logo-commons.png,7df8834ea109d967f5c1e6db1cd7dbd27b0b275052a862fc3c6eda120982b789,4f2303ad00993e5c4c492ba744100351e7555445ec87641eab1801a9d6658c2c,a61be3511b2fb058064cea8327758483805e6a254bab8e266519c59c0e061b2a,81527,28612,29580,,,True,92.87,92.63,94.6,94.33,379.79,379.02,1.57,6.73,117.17,254.16,,,,0.9987,1.0439,1.4282,1.415,4,4905
png/logo-bdl.png,90a02d4e475356ccf2f117e19181015c3a55f68e43e0c85c1ca366c775758c76,20aa40930fea2a1109e570270aa77f71f8810ff1f283c9362362f35ed86dfdd4,83ef7d0bac73b1fa87f9418c6ba821eb726b62eb9c479cb91797186bb17108b0,141119,34272,35375,,,True,91.45,91.47,94.32,94.25,999.02,998.86,7.38,25.63,139.84,826.02,,,,1.5509,1.2017,1.7369,2.3824,4,7404
png/gradient-large.png,1aed23866ad814e02de57fd8c4ffecbea2ab623712c2064c1c6d7b897d60ccc5,72156081598693828f4b8a0788b51867dd3d421c030604e199131d623d9dfdeb,ee0d29847e834547e77e6378422b5e745dad6185cdaf69f798393e2c04971d08,2860599,297620,484157,,,True,77.41,82.51,77.68,82.44,3127.1,3125.99,25.58,20.44,1107.56,1973.29,,,,4.9192,4.9716,4.988,5.6333,4,36337
