file,format,input_bytes,squeeze_bytes,squeeze_saved_percent,squeeze_median_ms,squeeze_p95_ms,ssimulacra2,butteraugli,tiny_bytes,tiny_service_ms,tiny_status
architecture.jpg,jpeg,1998122,1372670,31.3020,2030.761,2035.558,82.60304,1.94097,,,not-run:file-chooser-automation-blocked
forest.jpg,jpeg,1510271,1015263,32.7761,917.071,919.718,81.70930,2.20625,,,not-run:file-chooser-automation-blocked
hills.jpg,jpeg,1796053,1181952,34.1917,1036.868,1040.079,78.32031,2.69989,,,not-run:file-chooser-automation-blocked
house.jpg,jpeg,940656,603633,35.8285,881.315,889.460,79.83354,2.50288,,,not-run:file-chooser-automation-blocked
lake.jpg,jpeg,1025509,694366,32.2906,950.898,951.643,81.56205,2.72311,,,not-run:file-chooser-automation-blocked
mountain.jpg,jpeg,1334399,882223,33.8861,853.192,863.325,80.03068,2.42478,,,not-run:file-chooser-automation-blocked
road.jpg,jpeg,357239,136356,61.8306,731.443,732.490,81.67234,1.91542,,,not-run:file-chooser-automation-blocked
valley.jpg,jpeg,649468,404078,37.7832,803.794,804.039,83.80479,2.31646,,,not-run:file-chooser-automation-blocked
emoji-camera.png,png,16714,16714,0.0000,9.008,9.203,100.00000,0.00000,,,not-run:file-chooser-automation-blocked
emoji-chart.png,png,3158,3158,0.0000,5.027,5.032,100.00000,0.00000,,,not-run:file-chooser-automation-blocked
emoji-globe.png,png,51812,51812,0.0000,17.549,17.669,100.00000,0.00000,,,not-run:file-chooser-automation-blocked
emoji-grin.png,png,35506,35506,0.0000,11.881,11.912,100.00000,0.00000,,,not-run:file-chooser-automation-blocked
emoji-laptop.png,png,19840,19840,0.0000,8.771,8.785,100.00000,0.00000,,,not-run:file-chooser-automation-blocked
emoji-package.png,png,10907,10907,0.0000,6.195,6.250,100.00000,0.00000,,,not-run:file-chooser-automation-blocked
emoji-palette.png,png,23408,23408,0.0000,6.856,6.926,100.00000,0.00000,,,not-run:file-chooser-automation-blocked
emoji-puzzle.png,png,33797,33797,0.0000,12.019,12.096,100.00000,0.00000,,,not-run:file-chooser-automation-blocked
emoji-rocket.png,png,26729,26729,0.0000,7.572,7.663,100.00000,0.00000,,,not-run:file-chooser-automation-blocked
emoji-target.png,png,21789,21789,0.0000,6.704,6.750,100.00000,0.00000,,,not-run:file-chooser-automation-blocked
gradient-large.png,png,2860599,2860599,0.0000,1147.579,1149.030,100.00000,0.00000,,,not-run:file-chooser-automation-blocked
logo-bdl.png,png,141119,127874,9.3857,47.421,48.588,100.00000,0.00000,,,not-run:file-chooser-automation-blocked
logo-commons.png,png,81527,81527,0.0000,15.958,16.018,100.00000,0.00000,,,not-run:file-chooser-automation-blocked
screenshot.png,png,152339,142390,6.5308,22.318,22.320,100.00000,0.00000,,,not-run:file-chooser-automation-blocked
text.png,png,6310,6310,0.0000,26.795,27.232,100.00000,0.00000,,,not-run:file-chooser-automation-blocked
transparency.png,png,224566,224566,0.0000,40.865,40.882,100.00000,0.00000,,,not-run:file-chooser-automation-blocked
